{
  "type": "FeatureCollection",
  "features": [
    {
      "type": "Feature",
      "properties": {
        "letter": "N",
        "color": "green"
      },
      "geometry": {
        "type": "Polygon",
        "coordinates": [
            [
                [127.1042648, 37.3584728], [127.104278, 37.3591804], [127.1044361, 37.359181], [127.1047102, 37.3586005], [127.1047298,  37.3591639], [127.1048427, 37.3591733], [127.1048632, 37.3584928], [127.104705, 37.3585103], [127.1043918, 37.3590231], [127.1043945, 37.3585048], [127.1042648, 37.3584728]
            ]
        ]
      }
    },
    {
      "type": "Feature",
      "properties": {
        "letter": "A",
        "color": "red"
      },
      "geometry": {
        "type": "Polygon",
        "coordinates": [
            [
              [127.1049873, 37.3585158], [127.1051251, 37.3591472], [127.1052718, 37.3591612], [127.1054783, 37.358558], [127.105354, 37.3585576], [127.105268, 37.3588232], [127.1052002, 37.358823], [127.1051057, 37.3585477], [127.1049873, 37.3585158]
            ],
            [
                [127.1052217, 37.3590394], [127.1051884, 37.3589176], [127.1052731, 37.3589134], [127.1052387, 37.3590124], [127.1052217, 37.3590394]
            ]
        ]
      }
    },
    {
      "type": "Feature",
      "properties": {
        "letter": "V",
        "color": "yellow"
      },
      "geometry": {
        "type": "Polygon",
        "coordinates": [
            [
                [127.1055147, 37.359153], [127.105642, 37.358554], [127.1057831, 37.358559], [127.1059665, 37.359132], [127.1058309, 37.3591361], [127.1057258, 37.3587211], [127.1056277, 37.3591264], [127.1055147, 37.359153]
            ]
        ]
      }
    },
    {
      "type": "Feature",
      "properties": {
        "letter": "E",
        "color": "blue"
      },
      "geometry": {
        "type": "Polygon",
        "coordinates": [
            [
                [127.1061133, 37.359119], [127.1061163, 37.3585556], [127.1065397, 37.358557], [127.1065277, 37.3586967], [127.1062172, 37.3586912], [127.1062165, 37.3588264], [127.106431, 37.3588271], [127.1064136, 37.3589262], [127.1062385, 37.3589301], [127.1062324, 37.3590247], [127.1064694, 37.3590435], [127.106452, 37.3591291], [127.1061133, 37.359119]
            ]
        ]
      }
    },
    {
      "type": "Feature",
      "properties": {
        "letter": "R",
        "color": "cyan"
      },
      "geometry": {
        "type": "Polygon",
        "coordinates": [
            [
                [127.1066921, 37.3585665], [127.1067062, 37.3591164], [127.1070223, 37.359122], [127.1071131, 37.3590457], [127.1071478, 37.358888], [127.1070861, 37.3588067], [127.1070071, 37.3587884], [127.1071265, 37.3586446], [127.1071606, 37.3585996], [127.1070251, 37.3585992], [127.1069227, 37.3587341], [127.1068493, 37.3587383], [127.1067928, 37.3587381], [127.1067936, 37.3585984], [127.1066921, 37.3585665]
            ],
            [
                [127.1068366, 37.3590087], [127.1069552, 37.3590091], [127.1069895, 37.3589191], [127.1069333, 37.3588783], [127.1068317, 37.3588735], [127.1068366, 37.3590087]
            ]
        ]
      }
    },
        {
      "type": "Feature",
      "properties": {
        "letter": "polyline",
        "color": "purple"
      },
      "geometry": {
        "type": "LineString",
        "coordinates": [
            [127.1046774, 37.3573069], [127.105031, 37.3577092], [127.1053644, 37.3576607], [127.1056884, 37.3572472], [127.1060556, 37.3572033], [127.1064039, 37.357529]
        ]
      }
    },
    {
      "type": "Feature",
      "properties": {
        "letter": "polyline",
        "color": "orange"
      },
      "geometry": {
        "type": "MultiLineString",
        "coordinates": [
            [
                [127.1069275, 37.3578102], [127.1067768, 37.3574807], [127.1069364, 37.3571973], [127.1067005, 37.3569576]
            ],
            [
                [127.1073566, 37.3578161], [127.1072561, 37.3575949], [127.1074951, 37.3572532], [127.1070571, 37.3567785]
            ]
        ]
      }
    },
    {
      "type": "Feature",
      "properties": {
        "letter": "marker"
      },
      "geometry": {
        "type": "Point",
        "coordinates": [127.1053977, 37.3595966]
      }
    },
    {
      "type": "Feature",
      "properties": {
        "letter": "marker"
      },
      "geometry": {
        "type": "MultiPoint",
        "coordinates": [
            [127.1056768, 37.3597316], [127.1058627, 37.3592747]
        ]
      }
    }
  ]
}
